<?xml version="1.0" encoding="UTF-8"?>
<project-private xmlns="http://www.netbeans.org/ns/project-private/1">
    <editor-bookmarks xmlns="http://www.netbeans.org/ns/editor-bookmarks/2" lastBookmarkId="0"/>
    <open-files xmlns="http://www.netbeans.org/ns/projectui-open-files/2">
        <group>
            <file>file:/D:/MY%20EDUCATION%20ESOFT/Course%20work-tooth%20care%20system/toothcaresystem/toothcaresystem-7/src/newpackage/LinkedList.java</file>
            <file>file:/D:/MY%20EDUCATION%20ESOFT/Course%20work-tooth%20care%20system/toothcaresystem/toothcaresystem-7/src/newpackage/Logging.java</file>
            <file>file:/D:/MY%20EDUCATION%20ESOFT/Course%20work-tooth%20care%20system/toothcaresystem/toothcaresystem-7/src/newpackage/Mainframe.java</file>
        </group>
    </open-files>
</project-private>
